"GeneSymb","PathwayName","Spearman_Rho","Spearman_pval","FDR_qval","n_samples","Sig_nominal","Sig_FDR"
"PAK4","Estrogen",0.448608547173835,0.00326336419363053,0.00815841048407633,41,TRUE,TRUE
"PAK4","HALLMARK_ESTROGEN_RESPONSE_EARLY",0.521080139372822,0.000477369440332268,0.00168483331881977,41,TRUE,TRUE
"PAK4","HALLMARK_ESTROGEN_RESPONSE_LATE",0.443379790940767,0.00369128071895088,0.00885907372548212,41,TRUE,TRUE
"PAK4","E1UpRegGene",0.706271777003484,2.47997590230576e-07,2.27099021119915e-06,41,TRUE,TRUE
"PAK4","REACTOME_ESTROGEN_DEPENDENT_GENE_EXPRESSION",0.57212543554007,9.30395414455235e-05,0.000372158165782094,41,TRUE,TRUE
"PAK4","GOBP_CELLULAR_RESPONSE_TO_ESTROGEN_STIMULUS",0.131881533101045,0.411112247732725,0.524824146041777,41,FALSE,FALSE
"HSD17B7","Estrogen",0.34844230158139,0.0255749488295555,0.0590191126835897,41,TRUE,FALSE
"HSD17B7","HALLMARK_ESTROGEN_RESPONSE_EARLY",0.329094076655052,0.0356424986752409,0.0792055526116465,41,TRUE,FALSE
"HSD17B7","HALLMARK_ESTROGEN_RESPONSE_LATE",0.216376306620209,0.174210551014243,0.316746456389532,41,FALSE,FALSE
"HSD17B7","E1UpRegGene",0.466202090592335,0.00212511789744542,0.00554378581942283,41,TRUE,TRUE
"HSD17B7","REACTOME_ESTROGEN_DEPENDENT_GENE_EXPRESSION",0.552961672473868,0.000177334968623896,0.000665006132339612,41,TRUE,TRUE
"HSD17B7","GOBP_CELLULAR_RESPONSE_TO_ESTROGEN_STIMULUS",-0.0639372822299652,0.69126100385707,0.797608850604311,41,FALSE,FALSE
"GREB1","Estrogen",0.86883520261485,1.79630897016426e-13,1.07778538209856e-11,41,TRUE,TRUE
"GREB1","HALLMARK_ESTROGEN_RESPONSE_EARLY",0.75418118466899,1.24419707437021e-08,2.48839414874041e-07,41,TRUE,TRUE
"GREB1","HALLMARK_ESTROGEN_RESPONSE_LATE",0.615679442508711,1.83134764573309e-05,9.15673822866543e-05,41,TRUE,TRUE
"GREB1","E1UpRegGene",0.47787456445993,0.00157865702107989,0.00430542823930879,41,TRUE,TRUE
"GREB1","REACTOME_ESTROGEN_DEPENDENT_GENE_EXPRESSION",0.493031358885018,0.00105624061496049,0.00333549667882261,41,TRUE,TRUE
"GREB1","GOBP_CELLULAR_RESPONSE_TO_ESTROGEN_STIMULUS",0.0517421602787457,0.747997556323061,0.801863287061216,41,FALSE,FALSE
"PGR","Estrogen",0.770502863872834,3.82743298385562e-09,1.14822989515669e-07,41,TRUE,TRUE
"PGR","HALLMARK_ESTROGEN_RESPONSE_EARLY",0.672299651567944,1.48060437598787e-06,1.1104532819909e-05,41,TRUE,TRUE
"PGR","HALLMARK_ESTROGEN_RESPONSE_LATE",0.505923344947735,0.000739422095361291,0.00246474031787097,41,TRUE,TRUE
"PGR","E1UpRegGene",0.186236933797909,0.243673503237073,0.406122505395122,41,FALSE,FALSE
"PGR","REACTOME_ESTROGEN_DEPENDENT_GENE_EXPRESSION",0.155400696864112,0.331952532504347,0.452662544324109,41,FALSE,FALSE
"PGR","GOBP_CELLULAR_RESPONSE_TO_ESTROGEN_STIMULUS",0.0454703832752613,0.777717687893327,0.81865019778245,41,FALSE,FALSE
"ESR1","Estrogen",0.705093519540889,2.64948857973234e-07,2.27099021119915e-06,41,TRUE,TRUE
"ESR1","HALLMARK_ESTROGEN_RESPONSE_EARLY",0.632229965156795,9.24714027794131e-06,5.04389469705889e-05,41,TRUE,TRUE
"ESR1","HALLMARK_ESTROGEN_RESPONSE_LATE",0.484843205574913,0.00131533037588559,0.00375808678824454,41,TRUE,TRUE
"ESR1","E1UpRegGene",0.607665505226481,2.51476967908884e-05,0.000116066292881024,41,TRUE,TRUE
"ESR1","REACTOME_ESTROGEN_DEPENDENT_GENE_EXPRESSION",0.486933797909408,0.00124432337639704,0.00373297012919113,41,TRUE,TRUE
"ESR1","GOBP_CELLULAR_RESPONSE_TO_ESTROGEN_STIMULUS",0.176829268292683,0.268731834265039,0.411830718398698,41,FALSE,FALSE
"TFF1","Estrogen",0.727145708261731,7.2705984400501e-08,1.09058976600751e-06,41,TRUE,TRUE
"TFF1","HALLMARK_ESTROGEN_RESPONSE_EARLY",0.714989957514459,1.50514035103718e-07,1.80616842124462e-06,41,TRUE,TRUE
"TFF1","HALLMARK_ESTROGEN_RESPONSE_LATE",0.647582613757593,4.72959413813051e-06,2.8377564828783e-05,41,TRUE,TRUE
"TFF1","E1UpRegGene",0.573792992316874,8.77942439670606e-05,0.000372158165782094,41,TRUE,TRUE
"TFF1","REACTOME_ESTROGEN_DEPENDENT_GENE_EXPRESSION",0.66987687142037,1.66709530340955e-06,1.1113968689397e-05,41,TRUE,TRUE
"TFF1","GOBP_CELLULAR_RESPONSE_TO_ESTROGEN_STIMULUS",0.155622661332323,0.331253849873503,0.452662544324109,41,FALSE,FALSE
"CYP19A1","Estrogen",-0.0583956566866108,0.716858178555889,0.801863287061216,41,FALSE,FALSE
"CYP19A1","HALLMARK_ESTROGEN_RESPONSE_EARLY",0.0143406818642113,0.929089915570777,0.944837202275366,41,FALSE,FALSE
"CYP19A1","HALLMARK_ESTROGEN_RESPONSE_LATE",0.0046031818329567,0.977212844502962,0.977212844502962,41,FALSE,FALSE
"CYP19A1","E1UpRegGene",-0.0247863637159207,0.877747322194666,0.908014471235861,41,FALSE,FALSE
"CYP19A1","REACTOME_ESTROGEN_DEPENDENT_GENE_EXPRESSION",-0.196697500631342,0.217720106747103,0.384211953083123,41,FALSE,FALSE
"CYP19A1","GOBP_CELLULAR_RESPONSE_TO_ESTROGEN_STIMULUS",-0.273889319060924,0.0831276776580021,0.160892279338069,41,FALSE,FALSE
"HSD17B2","Estrogen",-0.10165145533103,0.527125912137099,0.632551094564519,41,FALSE,FALSE
"HSD17B2","HALLMARK_ESTROGEN_RESPONSE_EARLY",-0.140479316167981,0.381005801117901,0.496964088414654,41,FALSE,FALSE
"HSD17B2","HALLMARK_ESTROGEN_RESPONSE_LATE",-0.17472768543226,0.274553812265799,0.411830718398698,41,FALSE,FALSE
"HSD17B2","E1UpRegGene",-0.29106756575748,0.0648476401984876,0.129695280396975,41,FALSE,FALSE
"HSD17B2","REACTOME_ESTROGEN_DEPENDENT_GENE_EXPRESSION",-0.12557735396902,0.434023544708893,0.542529430886116,41,FALSE,FALSE
"HSD17B2","GOBP_CELLULAR_RESPONSE_TO_ESTROGEN_STIMULUS",-0.0961220134821857,0.54995057144298,0.647000672285858,41,FALSE,FALSE
"SAA1","Estrogen",-0.1881636583561,0.238742918553952,0.406122505395122,41,FALSE,FALSE
"SAA1","HALLMARK_ESTROGEN_RESPONSE_EARLY",-0.165097004115024,0.302285607578111,0.431836582254444,41,FALSE,FALSE
"SAA1","HALLMARK_ESTROGEN_RESPONSE_LATE",-0.180631088265836,0.258408101089695,0.411830718398698,41,FALSE,FALSE
"SAA1","E1UpRegGene",-0.30234632078896,0.0546905799709199,0.113152924077765,41,FALSE,FALSE
"SAA1","REACTOME_ESTROGEN_DEPENDENT_GENE_EXPRESSION",-0.251102787096345,0.113282425241119,0.212404547327098,41,FALSE,FALSE
"SAA1","GOBP_CELLULAR_RESPONSE_TO_ESTROGEN_STIMULUS",0.147194919331467,0.358422029661228,0.477896039548305,41,FALSE,FALSE
"Age","Estrogen",-0.0516555311119643,0.748405734590468,0.801863287061216,41,FALSE,FALSE
"Age","HALLMARK_ESTROGEN_RESPONSE_EARLY",-0.114829362154658,0.474671855029427,0.581230842893177,41,FALSE,FALSE
"Age","HALLMARK_ESTROGEN_RESPONSE_LATE",-0.05348814513739,0.739785454726466,0.801863287061216,41,FALSE,FALSE
"Age","E1UpRegGene",0.324855406764279,0.0382336969939145,0.0819293507012453,41,TRUE,FALSE
"Age","REACTOME_ESTROGEN_DEPENDENT_GENE_EXPRESSION",0.177130399068355,0.267904340739729,0.411830718398698,41,FALSE,FALSE
"Age","GOBP_CELLULAR_RESPONSE_TO_ESTROGEN_STIMULUS",0.166834149270293,0.2971556431275,0.431836582254444,41,FALSE,FALSE
