gene_symbol,167_tumor_vs_167_spleen,158_tumor_vs_158_spleen,157_tumor_vs_157_spleen,116_tumor_vs_116_spleen,107_tumor_vs_107_spleen,102_tumor_vs_102_spleen
BCOR,stop_gained,,,,missense_variant,
NF1,,,,missense_variant,missense_variant,
MACF1,missense_variant,,,,,missense_variant
BRCA1,,,,,frameshift_variant,
ATF7IP,,,missense_variant,,,
APC,,,,missense_variant,,
CREBBP,missense_variant,,,,,
CASP8,,,,,,missense_variant
FGFR3,,,,,"stop_gained,splice_region_variant",
HRAS,,missense_variant,,,,
KMT2D,,missense_variant,,,,
KMT2A,,missense_variant,,,,
MTOR,,,,missense_variant,,
NCOR1,,,missense_variant,,,
PLXNB2,,,missense_variant,,,
PMS1,,,missense_variant,,,
POLE,,,,missense_variant,,
PPP2R1A,,,,missense_variant,,
RUNX1,missense_variant,,,,,
SETD2,,,,,,splice_donor_variant
TBX3,,,,,,missense_variant
THRAP3,,,stop_gained,,,
