"p_val","avg_log2FC","pct.1","pct.2","p_val_adj","gene","celltype","FDR","Sig_nominal","Sig_FDR","Direction"
3.3484764960492e-233,3.00583115280257,0.913,0.268,7.73431101057444e-229,"Clca1","Basal",1.2730907637979e-229,TRUE,TRUE,"Up_in_Aged"
1.0028862163282e-197,11.800065576261,0.654,0,2.31646658247487e-193,"Igf2","Basal",1.90648669723991e-194,TRUE,TRUE,"Up_in_Aged"
1.1967581857405e-171,5.02548101642417,0.764,0.195,2.76427205742341e-167,"Glycam1","Basal",1.51669154072846e-168,TRUE,TRUE,"Up_in_Aged"
1.34511720449641e-150,1.69653244338538,0.908,0.39,3.10695171894581e-146,"Rasgef1b","Basal",1.27853390287384e-147,TRUE,TRUE,"Up_in_Aged"
3.21712770363658e-114,1.78690887724679,0.778,0.31,7.43092156985976e-110,"Igf1r","Basal",2.44630390584525e-111,TRUE,TRUE,"Up_in_Aged"
1.34832016835634e-109,-4.72390876595309,0.053,0.43,3.11434992486948e-105,"Lsamp","Basal",8.54385546681804e-107,TRUE,TRUE,"Down_in_Aged"
3.136540499149e-100,1.71599415573408,0.999,0.781,7.24478124493436e-96,"Csn2","Basal",1.70358956825207e-97,TRUE,TRUE,"Up_in_Aged"
1.16158776688243e-95,-4.49351764401075,0.035,0.364,2.68303542394504e-91,"RGD1562811","Basal",5.52044586210875e-93,TRUE,TRUE,"Down_in_Aged"
2.9158196338955e-88,-6.85436985547542,0.007,0.282,6.73496019037182e-84,"Gp2","Basal",1.23177180534119e-85,TRUE,TRUE,"Down_in_Aged"
1.20007073134098e-82,-4.25933948956365,0.036,0.331,2.77192337525139e-78,"Mctp1","Basal",4.56266892055839e-80,TRUE,TRUE,"Down_in_Aged"
2.69369228593639e-80,1.01439630878824,0.955,0.836,6.22189044205586e-76,"Mob3b","Basal",9.31038006466376e-78,TRUE,TRUE,"Up_in_Aged"
3.30079278322138e-77,4.2511084490988,0.361,0.026,7.62417117068473e-73,"Cracd","Basal",1.04580118015064e-74,TRUE,TRUE,"Up_in_Aged"
4.27202807820715e-76,-3.1752018700511,0.265,0.585,9.86753045504287e-72,"Vegfa","Basal",1.24940390410335e-73,TRUE,TRUE,"Down_in_Aged"
5.39377991378629e-76,2.12190669824605,0.535,0.148,1.24585528448636e-71,"Nell1","Basal",1.46479651658682e-73,TRUE,TRUE,"Up_in_Aged"
1.92257386188016e-75,2.41116857951396,0.588,0.244,4.4407611061708e-71,"Zfhx4","Basal",4.87308388191225e-73,TRUE,TRUE,"Up_in_Aged"
3.52363798864559e-74,2.07696955010576,0.664,0.364,8.13889902617358e-70,"Opcml","Basal",8.37304477051907e-72,TRUE,TRUE,"Up_in_Aged"
3.38783698922745e-71,-3.04336177621891,0.136,0.444,7.82522587771757e-67,"Ddit4","Basal",7.57679778414281e-69,TRUE,TRUE,"Down_in_Aged"
6.44003601750562e-71,2.99101728139197,0.432,0.087,1.48751951932345e-66,"Cd74","Basal",1.36027871880869e-68,TRUE,TRUE,"Up_in_Aged"
3.45560678393504e-68,3.30823036947686,0.375,0.055,7.98176054953315e-64,"Lef1","Basal",6.91485104869527e-66,TRUE,TRUE,"Up_in_Aged"
4.55011881570145e-66,1.10475190319495,0.905,0.813,1.05098644405072e-61,"Mycbp2","Basal",8.64977586864847e-64,TRUE,TRUE,"Up_in_Aged"
1.62335616579511e-57,3.92947715670606,0.931,0.188,3.74962807175355e-53,"Clca1","Endothelial",6.99341836224534e-54,TRUE,TRUE,"Up_in_Aged"
2.57265644157775e-44,10.014723820079,0.681,0,5.94232184875629e-40,"Igf2","Endothelial",5.54150197515847e-41,TRUE,TRUE,"Up_in_Aged"
6.28481500658738e-41,-3.37142897895216,0.399,0.866,1.45166657022155e-36,"Igfbp3","Endothelial",9.02499434945948e-38,TRUE,TRUE,"Down_in_Aged"
6.37939883958805e-29,-3.17498223143408,0.112,0.581,1.47351354396805e-24,"Cxcr4","Endothelial",6.87061255023633e-26,TRUE,TRUE,"Down_in_Aged"
1.11864912351517e-28,5.3048006837573,0.674,0.177,2.58385574549534e-24,"Glycam1","Endothelial",9.6382808482067e-26,TRUE,TRUE,"Up_in_Aged"
3.78869330007222e-28,2.16288014821211,0.844,0.409,8.75112378450681e-24,"Apoe","Endothelial",2.72028178945185e-25,TRUE,TRUE,"Up_in_Aged"
2.53950634490818e-26,-3.20768932586813,0.116,0.559,5.86575175546892e-22,"Esm1","Endothelial",1.56288476198063e-23,TRUE,TRUE,"Down_in_Aged"
9.71585188120598e-26,-3.20036416394358,0.167,0.597,2.24416746752096e-21,"Angpt2","Endothelial",5.23198623802942e-23,TRUE,TRUE,"Down_in_Aged"
7.82906647071307e-23,-1.99670192085775,0.457,0.763,1.8083577734053e-18,"Sat1","Endothelial",3.74751315064799e-20,TRUE,TRUE,"Down_in_Aged"
1.31663098227793e-20,-2.8660016154647,0.116,0.489,3.04115424286556e-16,"Kcnj2","Endothelial",5.67204627165331e-18,TRUE,TRUE,"Down_in_Aged"
3.96254266884397e-20,-2.881828237287,0.123,0.484,9.1526810564958e-16,"Ephb1","Endothelial",1.55187580157998e-17,TRUE,TRUE,"Down_in_Aged"
4.42511481180286e-19,4.46647732603477,0.399,0.032,1.02211301923023e-14,"Areg","Endothelial",1.58861621743723e-16,TRUE,TRUE,"Up_in_Aged"
3.09353918012897e-17,-3.67585076942952,0.08,0.392,7.1454567982619e-13,"Slc45a4","Endothelial",1.02312840177728e-14,TRUE,TRUE,"Down_in_Aged"
3.34116019431699e-17,1.37974092653149,1,0.909,7.71741181683339e-13,"Csn2","Endothelial",1.02312840177728e-14,TRUE,TRUE,"Up_in_Aged"
3.56242479727464e-17,-3.81122720629546,0.029,0.306,8.22848879674496e-13,"Ackr3","Endothelial",1.02312840177728e-14,TRUE,TRUE,"Down_in_Aged"
1.42996511519381e-16,-1.56131531883301,0.457,0.726,3.30293342307466e-12,"Arhgef28","Endothelial",3.85018107265934e-14,TRUE,TRUE,"Down_in_Aged"
1.88249735336965e-16,-1.35360185327577,0.612,0.828,4.34819238681321e-12,"Lama4","Endothelial",4.77046976371555e-14,TRUE,TRUE,"Down_in_Aged"
2.28881515692377e-16,-1.25119243484479,0.696,0.844,5.28670524946252e-12,"Mast4","Endothelial",5.47789760890422e-14,TRUE,TRUE,"Down_in_Aged"
2.72295947402492e-16,1.56188226324128,0.75,0.43,6.28949179310276e-12,"Ifitm3","Endothelial",6.17395232321018e-14,TRUE,TRUE,"Up_in_Aged"
3.72857026610283e-16,-1.14303410738883,0.899,0.93,8.61225160064432e-12,"Col4a1","Endothelial",8.0313403531855e-14,TRUE,TRUE,"Down_in_Aged"
3.27472821781528e-45,3.07900496647768,0.951,0.236,7.56396723750973e-41,"Clca1","Fibroblasts",1.55451348499691e-41,TRUE,TRUE,"Up_in_Aged"
4.85385874115874e-29,9.50105408655197,0.59,0,1.12114429203285e-24,"Igf2","Fibroblasts",1.15206337221403e-25,TRUE,TRUE,"Up_in_Aged"
1.93080946769619e-23,2.96155356080849,0.732,0.244,4.45978370848467e-19,"Tnc","Fibroblasts",3.05518418105128e-20,TRUE,TRUE,"Up_in_Aged"
2.29520563883685e-22,-5.83769501466449,0.003,0.146,5.30146598458535e-18,"LOC681458","Fibroblasts",2.57437168021305e-19,TRUE,TRUE,"Down_in_Aged"
2.71157750180435e-22,1.61345418795919,0.83,0.366,6.26320171366768e-18,"Col14a1","Fibroblasts",2.57437168021305e-19,TRUE,TRUE,"Up_in_Aged"
5.56186820701121e-22,1.72451848735642,0.804,0.366,1.28468031845545e-17,"Igfbp4","Fibroblasts",4.40036472978037e-19,TRUE,TRUE,"Up_in_Aged"
8.40240751928541e-21,4.69753564139549,0.595,0.106,1.94078808880454e-16,"Glycam1","Fibroblasts",5.69803264200683e-18,TRUE,TRUE,"Up_in_Aged"
2.5514443301904e-20,2.0923198376708,0.699,0.211,5.89332611387378e-16,"Eln","Fibroblasts",1.51396327942673e-17,TRUE,TRUE,"Up_in_Aged"
1.58062035207746e-18,1.37971243167352,0.826,0.382,3.65091688922852e-14,"Dcn","Fibroblasts",8.33689423479078e-16,TRUE,TRUE,"Up_in_Aged"
3.86078871566036e-18,-2.98374552917384,0.121,0.415,8.9176497754323e-14,"Adgrl3","Fibroblasts",1.83271640332397e-15,TRUE,TRUE,"Down_in_Aged"
1.58592806433827e-16,-4.42513036124415,0.008,0.138,3.66317664300854e-12,"Lpo","Fibroblasts",6.84400047401252e-14,TRUE,TRUE,"Down_in_Aged"
8.92629611624932e-16,1.19025837983563,0.8,0.382,2.06179587693127e-11,"Fn1","Fibroblasts",3.53109397198629e-13,TRUE,TRUE,"Up_in_Aged"
2.24124166698475e-15,1.5905188907811,0.622,0.187,5.17682000240139e-11,"Lum","Fibroblasts",8.18398014859741e-13,TRUE,TRUE,"Up_in_Aged"
2.55331602559162e-15,2.40048259507466,0.592,0.187,5.89764935591151e-11,"Slit2","Fibroblasts",8.65756512391671e-13,TRUE,TRUE,"Up_in_Aged"
1.16484506402217e-14,1.07803743868113,0.875,0.593,2.69055912887841e-10,"Postn","Fibroblasts",3.68634634594217e-12,TRUE,TRUE,"Up_in_Aged"
1.89475238448236e-14,2.13996153912562,0.547,0.154,4.37649905767735e-10,"Sema5a","Fibroblasts",5.62149348071109e-12,TRUE,TRUE,"Up_in_Aged"
5.96381078756039e-14,1.59834174806537,0.645,0.26,1.3775210157107e-09,"Gja1","Fibroblasts",1.66530645932642e-11,TRUE,TRUE,"Up_in_Aged"
6.61958261822122e-14,2.03264645545329,0.455,0.073,1.52899119315674e-09,"Aldh1a2","Fibroblasts",1.7457310382609e-11,TRUE,TRUE,"Up_in_Aged"
7.09565546892166e-14,2.26903433531754,0.562,0.203,1.63895450021152e-09,"Palldl1","Fibroblasts",1.77279350057743e-11,TRUE,TRUE,"Up_in_Aged"
1.0624575385976e-13,-3.9506252469134,0.023,0.171,2.45406442265274e-09,"Car12","Fibroblasts",2.42057518024342e-11,TRUE,TRUE,"Down_in_Aged"
1.07082533779464e-13,-5.33427841966937,0.011,0.13,2.47339236523807e-09,"Tll1","Fibroblasts",2.42057518024342e-11,TRUE,TRUE,"Down_in_Aged"
0,5.59946863527047,0.805,0.165,0,"Glycam1","Luminal",0,TRUE,TRUE,"Up_in_Aged"
0,3.28901722890677,0.753,0.233,0,"Clca1","Luminal",0,TRUE,TRUE,"Up_in_Aged"
0,10.3718092101532,0.498,0.001,0,"Igf2","Luminal",0,TRUE,TRUE,"Up_in_Aged"
0,-4.19050662980908,0.09,0.587,0,"Adgrl3","Luminal",0,TRUE,TRUE,"Down_in_Aged"
0,-2.09203118401743,0.268,0.676,0,"Plcb1","Luminal",0,TRUE,TRUE,"Down_in_Aged"
0,-1.53558406948581,0.25,0.634,0,"Bmpr1b","Luminal",0,TRUE,TRUE,"Down_in_Aged"
0,-1.37093657744658,0.466,0.817,0,"Scd2","Luminal",0,TRUE,TRUE,"Down_in_Aged"
0,2.49569270964098,1,0.674,0,"Csn2","Luminal",0,TRUE,TRUE,"Up_in_Aged"
0,2.32833829978335,0.419,0.103,0,"Cd74","Luminal",0,TRUE,TRUE,"Up_in_Aged"
0,-1.89873643479029,0.195,0.504,0,"Ar","Luminal",0,TRUE,TRUE,"Down_in_Aged"
0,2.09347927011628,0.836,0.53,0,"Tmsb4x","Luminal",0,TRUE,TRUE,"Up_in_Aged"
0,3.3526594989425,0.354,0.055,0,"Il33","Luminal",0,TRUE,TRUE,"Up_in_Aged"
0,-1.5301431289853,0.179,0.47,0,"Tfap2b","Luminal",0,TRUE,TRUE,"Down_in_Aged"
0,-2.98484645536162,0.088,0.378,0,"Mboat2","Luminal",0,TRUE,TRUE,"Down_in_Aged"
0,4.95215657238889,0.305,0.021,0,"AC112568.1","Luminal",0,TRUE,TRUE,"Up_in_Aged"
0,-1.23536683392424,0.232,0.513,0,"Cdk6","Luminal",0,TRUE,TRUE,"Down_in_Aged"
0,-2.01135791942036,0.307,0.587,0,"Fasn","Luminal",0,TRUE,TRUE,"Down_in_Aged"
0,3.19321192972497,0.338,0.061,0,"C3","Luminal",0,TRUE,TRUE,"Up_in_Aged"
0,-1.36150365060534,0.323,0.597,0,"Setbp1","Luminal",0,TRUE,TRUE,"Down_in_Aged"
0,-2.01837801268392,0.084,0.351,0,"Rims2","Luminal",0,TRUE,TRUE,"Down_in_Aged"
0,-1.25151093929794,0.433,0.699,0,"Alcam","Luminal",0,TRUE,TRUE,"Down_in_Aged"
0,-5.60347032742699,0.016,0.277,0,"Car12","Luminal",0,TRUE,TRUE,"Down_in_Aged"
0,-2.28083340520382,0.222,0.483,0,"Hacd2","Luminal",0,TRUE,TRUE,"Down_in_Aged"
0,-1.86223973506767,0.134,0.394,0,"Fgfr2","Luminal",0,TRUE,TRUE,"Down_in_Aged"
0,-0.849978086225701,0.425,0.684,0,"Mtss1","Luminal",0,TRUE,TRUE,"Down_in_Aged"
0,-7.03457585057703,0.007,0.264,0,"Dscam","Luminal",0,TRUE,TRUE,"Down_in_Aged"
0,-1.08943914186719,0.535,0.791,0,"Prlr","Luminal",0,TRUE,TRUE,"Down_in_Aged"
0,-2.94356968461493,0.078,0.333,0,"Zfp385d","Luminal",0,TRUE,TRUE,"Down_in_Aged"
0,-1.67747069631814,0.404,0.657,0,"Csap1","Luminal",0,TRUE,TRUE,"Down_in_Aged"
0,5.80556456864005,0.263,0.011,0,"Gulp1","Luminal",0,TRUE,TRUE,"Up_in_Aged"
0,-1.84183716035538,0.142,0.392,0,"Acsl3","Luminal",0,TRUE,TRUE,"Down_in_Aged"
0,-2.81100068502507,0.103,0.353,0,"Kctd8","Luminal",0,TRUE,TRUE,"Down_in_Aged"
0,-3.25310940421077,0.037,0.285,0,"Eda","Luminal",0,TRUE,TRUE,"Down_in_Aged"
0,-1.04537753465891,0.335,0.583,0,"Pde4d","Luminal",0,TRUE,TRUE,"Down_in_Aged"
0,-4.19681073649877,0.043,0.289,0,"Nrg4","Luminal",0,TRUE,TRUE,"Down_in_Aged"
0,-1.26824067423633,0.234,0.48,0,"Zdhhc14","Luminal",0,TRUE,TRUE,"Down_in_Aged"
0,-1.47135374368431,0.484,0.729,0,"Eps15","Luminal",0,TRUE,TRUE,"Down_in_Aged"
0,-1.4727505315588,0.308,0.552,0,"Qsox1","Luminal",0,TRUE,TRUE,"Down_in_Aged"
0,2.86296115715109,0.337,0.096,0,"Ccdc141","Luminal",0,TRUE,TRUE,"Up_in_Aged"
0,2.87030423147401,0.304,0.064,0,"Igf1r","Luminal",0,TRUE,TRUE,"Up_in_Aged"
0,5.04993014976975,0.252,0.013,0,"RGD1565355","Luminal",0,TRUE,TRUE,"Up_in_Aged"
0,-2.01423970125615,0.09,0.328,0,"P3h2","Luminal",0,TRUE,TRUE,"Down_in_Aged"
0,2.15060009227507,0.347,0.109,0,"Eva1b","Luminal",0,TRUE,TRUE,"Up_in_Aged"
0,-0.963522776994773,0.487,0.723,0,"Maml3","Luminal",0,TRUE,TRUE,"Down_in_Aged"
0,-6.31249313494628,0.006,0.242,0,"Tll1","Luminal",0,TRUE,TRUE,"Down_in_Aged"
0,2.73189482663842,0.303,0.07,0,"Wnt5b","Luminal",0,TRUE,TRUE,"Up_in_Aged"
0,-1.4905889967411,0.205,0.436,0,"Galnt7","Luminal",0,TRUE,TRUE,"Down_in_Aged"
0,-1.44493627839142,0.356,0.587,0,"Mast4","Luminal",0,TRUE,TRUE,"Down_in_Aged"
0,-1.27537983387533,0.458,0.687,0,"Stxbp6","Luminal",0,TRUE,TRUE,"Down_in_Aged"
0,-0.98026532339991,0.359,0.587,0,"Nr6a1","Luminal",0,TRUE,TRUE,"Down_in_Aged"
0,-1.2265036458674,0.281,0.509,0,"Atp13a3","Luminal",0,TRUE,TRUE,"Down_in_Aged"
0,-1.76093494266316,0.284,0.511,0,"Prkd1","Luminal",0,TRUE,TRUE,"Down_in_Aged"
0,-1.22942644319061,0.151,0.377,0,"Adra1a","Luminal",0,TRUE,TRUE,"Down_in_Aged"
0,-1.14957534237985,0.227,0.447,0,"Pik3r3","Luminal",0,TRUE,TRUE,"Down_in_Aged"
0,-0.962295040722212,0.361,0.578,0,"Phc3","Luminal",0,TRUE,TRUE,"Down_in_Aged"
0,-1.46525542293804,0.136,0.352,0,"Aqp5","Luminal",0,TRUE,TRUE,"Down_in_Aged"
0,2.05697746434586,0.29,0.074,0,"RT1-Db1","Luminal",0,TRUE,TRUE,"Up_in_Aged"
0,5.85563291442884,0.227,0.012,0,"AABR07060872.1","Luminal",0,TRUE,TRUE,"Up_in_Aged"
0,-1.61019376239338,0.223,0.438,0,"Ttc6","Luminal",0,TRUE,TRUE,"Down_in_Aged"
0,-1.68218738283854,0.256,0.471,0,"Camta1","Luminal",0,TRUE,TRUE,"Down_in_Aged"
0,-3.25532493962541,0.044,0.258,0,"Lama3","Luminal",0,TRUE,TRUE,"Down_in_Aged"
0,-0.987900744850843,0.548,0.762,0,"Nfia","Luminal",0,TRUE,TRUE,"Down_in_Aged"
0,2.26808180906795,0.284,0.07,0,"RT1-Da","Luminal",0,TRUE,TRUE,"Up_in_Aged"
0,-1.63031129193801,0.11,0.323,0,"Plet1","Luminal",0,TRUE,TRUE,"Down_in_Aged"
0,-1.28651108349652,0.224,0.437,0,"Ccbe1","Luminal",0,TRUE,TRUE,"Down_in_Aged"
0,-0.892681760413728,0.444,0.656,0,"Ano6","Luminal",0,TRUE,TRUE,"Down_in_Aged"
0,-5.52167690279622,0.008,0.219,0,"Gp2","Luminal",0,TRUE,TRUE,"Down_in_Aged"
0,-1.83722528386986,0.17,0.381,0,"Mpdz","Luminal",0,TRUE,TRUE,"Down_in_Aged"
0,0.732967498643696,0.949,0.738,0,"Prr27","Luminal",0,TRUE,TRUE,"Up_in_Aged"
0,-1.29301331617067,0.214,0.423,0,"Casz1","Luminal",0,TRUE,TRUE,"Down_in_Aged"
0,-0.770165212998693,0.356,0.565,0,"Dtnb","Luminal",0,TRUE,TRUE,"Down_in_Aged"
0,2.41051202484628,0.264,0.056,0,"Negr1","Luminal",0,TRUE,TRUE,"Up_in_Aged"
0,2.13558392453643,0.782,0.576,0,"Csn1s2a","Luminal",0,TRUE,TRUE,"Up_in_Aged"
0,-1.84466590238197,0.132,0.338,0,"Mertk","Luminal",0,TRUE,TRUE,"Down_in_Aged"
0,-0.930450728639434,0.301,0.507,0,"Cited1","Luminal",0,TRUE,TRUE,"Down_in_Aged"
0,-1.32790703416467,0.182,0.388,0,"Mindy2","Luminal",0,TRUE,TRUE,"Down_in_Aged"
0,-1.50451752623405,0.154,0.358,0,"Grb14","Luminal",0,TRUE,TRUE,"Down_in_Aged"
0,-1.40230808503999,0.365,0.568,0,"Phlpp1","Luminal",0,TRUE,TRUE,"Down_in_Aged"
0,-0.83050810661153,0.402,0.605,0,"Acap2","Luminal",0,TRUE,TRUE,"Down_in_Aged"
0,-0.857530868080457,0.363,0.566,0,"Baiap2l1","Luminal",0,TRUE,TRUE,"Down_in_Aged"
0,-0.974895318576037,0.426,0.627,0,"Dip2c","Luminal",0,TRUE,TRUE,"Down_in_Aged"
0,-1.739864681962,0.1,0.301,0,"Slc25a1","Luminal",0,TRUE,TRUE,"Down_in_Aged"
0,-1.71720779511266,0.113,0.313,0,"Lmx1b","Luminal",0,TRUE,TRUE,"Down_in_Aged"
0,-0.706384453085743,0.472,0.67,0,"Atp2a2","Luminal",0,TRUE,TRUE,"Down_in_Aged"
0,-2.58149322091132,0.058,0.255,0,"Agtr1a","Luminal",0,TRUE,TRUE,"Down_in_Aged"
0,2.75272627605732,0.271,0.075,0,"Fabp3","Luminal",0,TRUE,TRUE,"Up_in_Aged"
0,0.514211638840408,0.946,0.75,0,"Tf","Luminal",0,TRUE,TRUE,"Up_in_Aged"
0,-1.0390951793362,0.257,0.452,0,"Serinc5","Luminal",0,TRUE,TRUE,"Down_in_Aged"
0,-1.64010313064162,0.245,0.438,0,"Ctnnbl1","Luminal",0,TRUE,TRUE,"Down_in_Aged"
0,-1.12814151914297,0.343,0.536,0,"Osbpl9","Luminal",0,TRUE,TRUE,"Down_in_Aged"
0,-1.01860031312193,0.458,0.651,0,"Kdm6a","Luminal",0,TRUE,TRUE,"Down_in_Aged"
0,-0.655795217587457,0.305,0.498,0,"Ssh2","Luminal",0,TRUE,TRUE,"Down_in_Aged"
0,-2.02060726884635,0.099,0.292,0,"Il18","Luminal",0,TRUE,TRUE,"Down_in_Aged"
0,3.26607613235644,0.225,0.033,0,"Lyz2","Luminal",0,TRUE,TRUE,"Up_in_Aged"
0,1.84791206038836,0.3,0.108,0,"Ctsh","Luminal",0,TRUE,TRUE,"Up_in_Aged"
0,-2.08674081191362,0.082,0.273,0,"Mpped2","Luminal",0,TRUE,TRUE,"Down_in_Aged"
0,-0.639044097047646,0.328,0.519,0,"Cmtm8","Luminal",0,TRUE,TRUE,"Down_in_Aged"
0,4.07908694149899,0.213,0.022,0,"Sgcg","Luminal",0,TRUE,TRUE,"Up_in_Aged"
0,-0.896308110416463,0.318,0.509,0,"AABR07035338.1","Luminal",0,TRUE,TRUE,"Down_in_Aged"
0,2.96579559312193,0.226,0.036,0,"Dclk1","Luminal",0,TRUE,TRUE,"Up_in_Aged"
0,-0.73275080481223,0.494,0.683,0,"Tanc2","Luminal",0,TRUE,TRUE,"Down_in_Aged"
0,2.16428760049894,0.316,0.127,0,"St3gal3","Luminal",0,TRUE,TRUE,"Up_in_Aged"
0,0.732241354795766,0.516,0.328,0,"Apoe","Luminal",0,TRUE,TRUE,"Up_in_Aged"
0,-4.33891943500161,0.021,0.209,0,"Bche","Luminal",0,TRUE,TRUE,"Down_in_Aged"
0,4.95658995303295,0.199,0.011,0,"Slit2","Luminal",0,TRUE,TRUE,"Up_in_Aged"
0,-0.655467495519228,0.359,0.546,0,"Mtmr3","Luminal",0,TRUE,TRUE,"Down_in_Aged"
0,-0.88007061541099,0.241,0.428,0,"Pik3c2g","Luminal",0,TRUE,TRUE,"Down_in_Aged"
0,-0.626229460914106,0.317,0.504,0,"Ppm1h","Luminal",0,TRUE,TRUE,"Down_in_Aged"
0,2.3103704078304,0.294,0.107,0,"Angpt1","Luminal",0,TRUE,TRUE,"Up_in_Aged"
0,3.8069000214829,0.219,0.032,0,"Fras1","Luminal",0,TRUE,TRUE,"Up_in_Aged"
0,-0.760091654854289,0.275,0.46,0,"Arhgap32","Luminal",0,TRUE,TRUE,"Down_in_Aged"
0,-0.539212414001389,0.495,0.679,0,"Atxn1","Luminal",0,TRUE,TRUE,"Down_in_Aged"
0,-0.710461834641415,0.34,0.524,0,"Daam1","Luminal",0,TRUE,TRUE,"Down_in_Aged"
0,-0.706975245436834,0.359,0.542,0,"Kat6b","Luminal",0,TRUE,TRUE,"Down_in_Aged"
0,-1.30428550915188,0.183,0.366,0,"Foxa1","Luminal",0,TRUE,TRUE,"Down_in_Aged"
0,-0.63773810318724,0.369,0.551,0,"Esrp1","Luminal",0,TRUE,TRUE,"Down_in_Aged"
0,-0.640016546036845,0.44,0.622,0,"Zfhx3","Luminal",0,TRUE,TRUE,"Down_in_Aged"
0,-2.84175622790033,0.083,0.265,0,"Acacb","Luminal",0,TRUE,TRUE,"Down_in_Aged"
0,-1.0585611933994,0.381,0.563,0,"Epb41l2","Luminal",0,TRUE,TRUE,"Down_in_Aged"
0,-0.568449763657849,0.485,0.666,0,"Gnaq","Luminal",0,TRUE,TRUE,"Down_in_Aged"
0,-4.89867337297625,0.009,0.19,0,"Tmem178b","Luminal",0,TRUE,TRUE,"Down_in_Aged"
0,2.77548035398297,0.223,0.042,0,"Atp2b4","Luminal",0,TRUE,TRUE,"Up_in_Aged"
0,-0.798434899278783,0.302,0.483,0,"Plekha6","Luminal",0,TRUE,TRUE,"Down_in_Aged"
0,-0.604636734380702,0.529,0.709,0,"Mbnl2","Luminal",0,TRUE,TRUE,"Down_in_Aged"
0,-0.66271245784487,0.397,0.577,0,"Pura","Luminal",0,TRUE,TRUE,"Down_in_Aged"
0,-1.15857765846535,0.255,0.434,0,"Cask","Luminal",0,TRUE,TRUE,"Down_in_Aged"
0,-0.755153166900576,0.552,0.731,0,"Zbtb20","Luminal",0,TRUE,TRUE,"Down_in_Aged"
0,-0.493271616103149,0.484,0.662,0,"Rbfox2","Luminal",0,TRUE,TRUE,"Down_in_Aged"
0,-0.991822887284014,0.209,0.387,0,"Dgcr2","Luminal",0,TRUE,TRUE,"Down_in_Aged"
0,-1.02315453610864,0.415,0.593,0,"Lrp6","Luminal",0,TRUE,TRUE,"Down_in_Aged"
0,-0.990038120305552,0.338,0.516,0,"Cnot6l","Luminal",0,TRUE,TRUE,"Down_in_Aged"
0,-0.639173150799097,0.368,0.545,0,"Rasal2","Luminal",0,TRUE,TRUE,"Down_in_Aged"
0,-0.982561292259333,0.209,0.386,0,"Gpd2","Luminal",0,TRUE,TRUE,"Down_in_Aged"
0,-1.52568559262655,0.195,0.371,0,"Rhpn2","Luminal",0,TRUE,TRUE,"Down_in_Aged"
0,-0.542437513632932,0.462,0.638,0,"Srpk2","Luminal",0,TRUE,TRUE,"Down_in_Aged"
0,-0.533075070885564,0.457,0.633,0,"Jmjd1c","Luminal",0,TRUE,TRUE,"Down_in_Aged"
0,-0.77546007240116,0.282,0.457,0,"Wls","Luminal",0,TRUE,TRUE,"Down_in_Aged"
0,-0.87001760154821,0.286,0.461,0,"Asph","Luminal",0,TRUE,TRUE,"Down_in_Aged"
0,-0.607610530671789,0.345,0.52,0,"Kdm5b","Luminal",0,TRUE,TRUE,"Down_in_Aged"
0,4.00081962202475,0.202,0.027,0,"Galnt18","Luminal",0,TRUE,TRUE,"Up_in_Aged"
0,-3.42313518325872,0.033,0.208,0,"Gsg1l","Luminal",0,TRUE,TRUE,"Down_in_Aged"
0,-4.18482834100234,0.035,0.21,0,"Slit3","Luminal",0,TRUE,TRUE,"Down_in_Aged"
0,-0.76058313104269,0.382,0.556,0,"Myof","Luminal",0,TRUE,TRUE,"Down_in_Aged"
0,-1.24957513728052,0.156,0.33,0,"Sort1","Luminal",0,TRUE,TRUE,"Down_in_Aged"
0,-4.49480112105241,0.024,0.198,0,"Grm8","Luminal",0,TRUE,TRUE,"Down_in_Aged"
0,1.70153135063192,0.273,0.099,0,"Col14a1","Luminal",0,TRUE,TRUE,"Up_in_Aged"
0,-0.827802684005414,0.31,0.484,0,"Ell2","Luminal",0,TRUE,TRUE,"Down_in_Aged"
0,-1.04865833257091,0.258,0.432,0,"Eya2","Luminal",0,TRUE,TRUE,"Down_in_Aged"
0,-2.23364850852371,0.12,0.294,0,"Peli2","Luminal",0,TRUE,TRUE,"Down_in_Aged"
0,-0.633688815794209,0.615,0.788,0,"Csnk1a1","Luminal",0,TRUE,TRUE,"Down_in_Aged"
0,-1.14746793992591,0.217,0.39,0,"Ttc7a","Luminal",0,TRUE,TRUE,"Down_in_Aged"
0,-2.46053143939689,0.1,0.273,0,"Smoc1","Luminal",0,TRUE,TRUE,"Down_in_Aged"
0,-0.963473106957995,0.216,0.389,0,"Slc22a23","Luminal",0,TRUE,TRUE,"Down_in_Aged"
0,-2.05251484879361,0.07,0.243,0,"Plekhh2","Luminal",0,TRUE,TRUE,"Down_in_Aged"
0,-1.19138317336969,0.124,0.297,0,"Hist2h4","Luminal",0,TRUE,TRUE,"Down_in_Aged"
0,-1.62323001099056,0.105,0.277,0,"Col4a5","Luminal",0,TRUE,TRUE,"Down_in_Aged"
0,-3.04651235337489,0.041,0.213,0,"Bco2","Luminal",0,TRUE,TRUE,"Down_in_Aged"
0,-0.659931502616813,0.56,0.732,0,"Snd1","Luminal",0,TRUE,TRUE,"Down_in_Aged"
0,-0.550277727030197,0.508,0.679,0,"Kmt2c","Luminal",0,TRUE,TRUE,"Down_in_Aged"
0,-0.537436362590793,0.39,0.561,0,"Bmpr2","Luminal",0,TRUE,TRUE,"Down_in_Aged"
0,-0.705428366688973,0.237,0.408,0,"Cadm1","Luminal",0,TRUE,TRUE,"Down_in_Aged"
0,4.20705929758204,0.186,0.015,0,"Hephl1","Luminal",0,TRUE,TRUE,"Up_in_Aged"
0,-2.27166229659828,0.068,0.239,0,"Asic2","Luminal",0,TRUE,TRUE,"Down_in_Aged"
0,-0.580243681084704,0.415,0.586,0,"Apbb2","Luminal",0,TRUE,TRUE,"Down_in_Aged"
0,-0.80448820951938,0.287,0.457,0,"Nxn","Luminal",0,TRUE,TRUE,"Down_in_Aged"
0,-1.0218573060257,0.147,0.317,0,"Hmgn3","Luminal",0,TRUE,TRUE,"Down_in_Aged"
0,1.76686818020775,0.327,0.157,0,"Areg","Luminal",0,TRUE,TRUE,"Up_in_Aged"
0,-2.92449087248804,0.044,0.214,0,"Tns1","Luminal",0,TRUE,TRUE,"Down_in_Aged"
0,-0.678096936525593,0.303,0.473,0,"Mpp7","Luminal",0,TRUE,TRUE,"Down_in_Aged"
0,-1.07627388456487,0.314,0.484,0,"Gas6","Luminal",0,TRUE,TRUE,"Down_in_Aged"
0,-0.6913737828119,0.548,0.718,0,"Foxp1","Luminal",0,TRUE,TRUE,"Down_in_Aged"
0,-1.72490820959056,0.085,0.254,0,"Ceacam4","Luminal",0,TRUE,TRUE,"Down_in_Aged"
0,-0.71396596559092,0.323,0.492,0,"Marchf6","Luminal",0,TRUE,TRUE,"Down_in_Aged"
0,-0.606819202389016,0.468,0.637,0,"Slc44a1","Luminal",0,TRUE,TRUE,"Down_in_Aged"
0,-0.503924063145121,0.531,0.7,0,"Ogt","Luminal",0,TRUE,TRUE,"Down_in_Aged"
0,-0.617298200320876,0.394,0.562,0,"Rtn3","Luminal",0,TRUE,TRUE,"Down_in_Aged"
0,-0.614928498040512,0.442,0.61,0,"Rreb1","Luminal",0,TRUE,TRUE,"Down_in_Aged"
0,-1.05799779342833,0.346,0.513,0,"Ppm1l","Luminal",0,TRUE,TRUE,"Down_in_Aged"
0,-0.820538950269759,0.256,0.423,0,"Pip5k1b","Luminal",0,TRUE,TRUE,"Down_in_Aged"
0,-1.06320497536825,0.2,0.367,0,"Stim2","Luminal",0,TRUE,TRUE,"Down_in_Aged"
0,-0.575685674252465,0.399,0.566,0,"Usp47","Luminal",0,TRUE,TRUE,"Down_in_Aged"
0,-0.590342455825313,0.364,0.53,0,"Iqgap2","Luminal",0,TRUE,TRUE,"Down_in_Aged"
0,-0.487573377646813,0.507,0.673,0,"Dlg1","Luminal",0,TRUE,TRUE,"Down_in_Aged"
0,-0.939579459435805,0.481,0.647,0,"Stox2","Luminal",0,TRUE,TRUE,"Down_in_Aged"
0,-1.47973143896435,0.136,0.302,0,"Frmd5","Luminal",0,TRUE,TRUE,"Down_in_Aged"
0,-0.698219440036945,0.262,0.428,0,"Chst1","Luminal",0,TRUE,TRUE,"Down_in_Aged"
0,-1.03965927154558,0.18,0.346,0,"Ets2","Luminal",0,TRUE,TRUE,"Down_in_Aged"
0,-0.516550916192854,0.596,0.761,0,"Rere","Luminal",0,TRUE,TRUE,"Down_in_Aged"
0,-1.46845323679025,0.214,0.379,0,"Wdfy2","Luminal",0,TRUE,TRUE,"Down_in_Aged"
0,-4.0252946518856,0.017,0.182,0,"Pcdh17","Luminal",0,TRUE,TRUE,"Down_in_Aged"
0,-0.842607042798351,0.452,0.617,0,"Plxdc2","Luminal",0,TRUE,TRUE,"Down_in_Aged"
0,-0.915605424763975,0.237,0.401,0,"Hdac8","Luminal",0,TRUE,TRUE,"Down_in_Aged"
0,-1.12752072801929,0.116,0.28,0,"Ikzf2","Luminal",0,TRUE,TRUE,"Down_in_Aged"
0,-0.987676178480705,0.194,0.358,0,"Atosa","Luminal",0,TRUE,TRUE,"Down_in_Aged"
0,-0.493547027575182,0.532,0.696,0,"Pnisr","Luminal",0,TRUE,TRUE,"Down_in_Aged"
0,1.34335543669867,0.849,0.685,0,"ENSRNOG00000068039","Luminal",0,TRUE,TRUE,"Up_in_Aged"
0,-1.31463590533184,0.175,0.338,0,"Itprid2","Luminal",0,TRUE,TRUE,"Down_in_Aged"
0,-0.746942028668334,0.288,0.451,0,"Arhgap39","Luminal",0,TRUE,TRUE,"Down_in_Aged"
0,-1.43481008086174,0.36,0.523,0,"Erbb4","Luminal",0,TRUE,TRUE,"Down_in_Aged"
0,1.78422486633611,0.458,0.296,0,"Fabp5","Luminal",0,TRUE,TRUE,"Up_in_Aged"
0,-0.993514373283435,0.178,0.34,0,"Zfp654","Luminal",0,TRUE,TRUE,"Down_in_Aged"
0,-0.665198956854711,0.355,0.517,0,"Nrip1","Luminal",0,TRUE,TRUE,"Down_in_Aged"
0,-3.39976916034972,0.028,0.19,0,"Rimbp2","Luminal",0,TRUE,TRUE,"Down_in_Aged"
0,-5.39709473535656,0.005,0.166,0,"Pinlyp","Luminal",0,TRUE,TRUE,"Down_in_Aged"
0,-0.954517224359478,0.233,0.394,0,"Atp6v1c1","Luminal",0,TRUE,TRUE,"Down_in_Aged"
0,-0.570939876931023,0.371,0.531,0,"Lcorl","Luminal",0,TRUE,TRUE,"Down_in_Aged"
0,1.51986067710202,0.314,0.154,0,"Bcl2","Luminal",0,TRUE,TRUE,"Up_in_Aged"
0,2.10275796490337,0.213,0.053,0,"RT1-Bb","Luminal",0,TRUE,TRUE,"Up_in_Aged"
0,-0.640567267876998,0.383,0.542,0,"Gbf1","Luminal",0,TRUE,TRUE,"Down_in_Aged"
0,-0.854555820069451,0.294,0.453,0,"AABR07053185.1","Luminal",0,TRUE,TRUE,"Down_in_Aged"
0,-0.68063396636907,0.301,0.46,0,"Epb41","Luminal",0,TRUE,TRUE,"Down_in_Aged"
0,-0.817232071533273,0.241,0.4,0,"Mgat5","Luminal",0,TRUE,TRUE,"Down_in_Aged"
0,-2.64920231470455,0.04,0.198,0,"Adcy5","Luminal",0,TRUE,TRUE,"Down_in_Aged"
0,1.88601094927834,0.227,0.069,0,"Cyba","Luminal",0,TRUE,TRUE,"Up_in_Aged"
0,-1.40874868418792,0.275,0.433,0,"Fads1","Luminal",0,TRUE,TRUE,"Down_in_Aged"
0,-1.22132755545969,0.129,0.287,0,"Osbpl6","Luminal",0,TRUE,TRUE,"Down_in_Aged"
0,-0.769237377887015,0.275,0.433,0,"Srebf2","Luminal",0,TRUE,TRUE,"Down_in_Aged"
0,-1.44692567070288,0.149,0.306,0,"Gli3","Luminal",0,TRUE,TRUE,"Down_in_Aged"
0,-1.16531774697804,0.238,0.394,0,"Tgfb3","Luminal",0,TRUE,TRUE,"Down_in_Aged"
0,-0.848562125192149,0.336,0.492,0,"LOC498368","Luminal",0,TRUE,TRUE,"Down_in_Aged"
0,-0.598574190870426,0.323,0.479,0,"Aftph","Luminal",0,TRUE,TRUE,"Down_in_Aged"
0,1.5152062640367,0.284,0.128,0,"Prtfdc1","Luminal",0,TRUE,TRUE,"Up_in_Aged"
0,-0.675011953808664,0.382,0.537,0,"Btbd9","Luminal",0,TRUE,TRUE,"Down_in_Aged"
0,-1.03072980758569,0.173,0.327,0,"Cacna1d","Luminal",0,TRUE,TRUE,"Down_in_Aged"
0,-1.20524460253836,0.407,0.56,0,"Arhgap42","Luminal",0,TRUE,TRUE,"Down_in_Aged"
0,3.04441064618198,0.19,0.037,0,"Bicc1","Luminal",0,TRUE,TRUE,"Up_in_Aged"
0,0.988832051014832,0.426,0.273,0,"Elmo1","Luminal",0,TRUE,TRUE,"Up_in_Aged"
0,-0.444597900508497,0.593,0.745,0,"Luc7l2","Luminal",0,TRUE,TRUE,"Down_in_Aged"
0,-3.64659855845518,0.019,0.171,0,"Cdh4","Luminal",0,TRUE,TRUE,"Down_in_Aged"
0,2.19185364598034,0.197,0.045,0,"RT1-Ba","Luminal",0,TRUE,TRUE,"Up_in_Aged"
0,-0.778046323264557,0.264,0.416,0,"Klhdc10","Luminal",0,TRUE,TRUE,"Down_in_Aged"
0,1.54447525642636,0.333,0.182,0,"Csrp1","Luminal",0,TRUE,TRUE,"Up_in_Aged"
0,2.8263565573054,0.197,0.046,0,"Lefty1","Luminal",0,TRUE,TRUE,"Up_in_Aged"
0,-0.787153847825136,0.232,0.383,0,"Sypl1","Luminal",0,TRUE,TRUE,"Down_in_Aged"
0,1.43859567777706,0.44,0.29,0,"Cemip2","Luminal",0,TRUE,TRUE,"Up_in_Aged"
0,-0.57832819391873,0.568,0.718,0,"Pik3r1","Luminal",0,TRUE,TRUE,"Down_in_Aged"
0,-2.23424738235411,0.061,0.211,0,"Rimklb","Luminal",0,TRUE,TRUE,"Down_in_Aged"
0,-2.20977907958059,0.056,0.206,0,"Abhd5","Luminal",0,TRUE,TRUE,"Down_in_Aged"
0,-0.57675448008605,0.463,0.613,0,"Zmynd11","Luminal",0,TRUE,TRUE,"Down_in_Aged"
0,-1.91211306723492,0.081,0.23,0,"Lcn2","Luminal",0,TRUE,TRUE,"Down_in_Aged"
0,5.98407178970155,0.156,0.007,0,"Ighm","Luminal",0,TRUE,TRUE,"Up_in_Aged"
0,0.784862154609071,0.588,0.439,0,"Ifitm3","Luminal",0,TRUE,TRUE,"Up_in_Aged"
0,-1.43318025016659,0.115,0.263,0,"Zfp93","Luminal",0,TRUE,TRUE,"Down_in_Aged"
0,-0.732655838151664,0.219,0.367,0,"Tdp2","Luminal",0,TRUE,TRUE,"Down_in_Aged"
0,-1.29680893134121,0.109,0.256,0,"Kcnab1","Luminal",0,TRUE,TRUE,"Down_in_Aged"
0,-1.77358777068587,0.088,0.235,0,"Spef2","Luminal",0,TRUE,TRUE,"Down_in_Aged"
0,-1.25797068755868,0.199,0.346,0,"Steap4","Luminal",0,TRUE,TRUE,"Down_in_Aged"
0,-1.19409610569824,0.124,0.27,0,"Atl2","Luminal",0,TRUE,TRUE,"Down_in_Aged"
0,-1.61157882746035,0.115,0.26,0,"Tnfrsf19","Luminal",0,TRUE,TRUE,"Down_in_Aged"
0,1.6546918778011,0.343,0.198,0,"Acsl1","Luminal",0,TRUE,TRUE,"Up_in_Aged"
0,-1.75997837985288,0.068,0.213,0,"LOC102551819","Luminal",0,TRUE,TRUE,"Down_in_Aged"
0,2.09243683488586,0.238,0.094,0,"Chn2","Luminal",0,TRUE,TRUE,"Up_in_Aged"
0,-0.748950315399833,0.577,0.72,0,"Psme4","Luminal",0,TRUE,TRUE,"Down_in_Aged"
0,-0.90475576222645,0.184,0.326,0,"Osbpl2","Luminal",0,TRUE,TRUE,"Down_in_Aged"
0,-0.798534034702779,0.196,0.338,0,"Actn1","Luminal",0,TRUE,TRUE,"Down_in_Aged"
0,-1.21789245747453,0.169,0.311,0,"Mtmr10","Luminal",0,TRUE,TRUE,"Down_in_Aged"
0,-1.260830314483,0.107,0.248,0,"Xrcc1","Luminal",0,TRUE,TRUE,"Down_in_Aged"
0,-0.868238573189296,0.325,0.466,0,"Rbms1","Luminal",0,TRUE,TRUE,"Down_in_Aged"
0,-1.59143750608794,0.125,0.266,0,"Slc5a3","Luminal",0,TRUE,TRUE,"Down_in_Aged"
0,2.20142679329151,0.175,0.034,0,"Spp1","Luminal",0,TRUE,TRUE,"Up_in_Aged"
0,1.1333306240784,0.5,0.36,0,"Ccnd1","Luminal",0,TRUE,TRUE,"Up_in_Aged"
0,1.64629003004233,0.202,0.062,0,"Dock10","Luminal",0,TRUE,TRUE,"Up_in_Aged"
0,-2.86571945236338,0.047,0.187,0,"Robo2","Luminal",0,TRUE,TRUE,"Down_in_Aged"
0,-1.12514114991263,0.378,0.517,0,"Rb1","Luminal",0,TRUE,TRUE,"Down_in_Aged"
0,4.44183491431541,0.147,0.008,0,"Ccl5","Luminal",0,TRUE,TRUE,"Up_in_Aged"
0,1.53337259471304,0.289,0.15,0,"Itga8","Luminal",0,TRUE,TRUE,"Up_in_Aged"
0,-1.03486570111844,0.268,0.407,0,"Sesn3","Luminal",0,TRUE,TRUE,"Down_in_Aged"
0,1.30301524790981,0.793,0.655,0,"Tmsb10","Luminal",0,TRUE,TRUE,"Up_in_Aged"
0,-1.82811335749237,0.074,0.212,0,"Phldb2","Luminal",0,TRUE,TRUE,"Down_in_Aged"
0,0.988456208804416,0.513,0.375,0,"Psap","Luminal",0,TRUE,TRUE,"Up_in_Aged"
0,1.09848121465407,0.301,0.163,0,"St6gal1","Luminal",0,TRUE,TRUE,"Up_in_Aged"
0,-1.03864200965567,0.141,0.278,0,"Tbc1d8b","Luminal",0,TRUE,TRUE,"Down_in_Aged"
0,-6.72225930798661,0.002,0.139,0,"Skint4","Luminal",0,TRUE,TRUE,"Down_in_Aged"
0,-2.31713675651796,0.028,0.164,0,"Lpo","Luminal",0,TRUE,TRUE,"Down_in_Aged"
0,-1.02228288855504,0.148,0.284,0,"Vav2","Luminal",0,TRUE,TRUE,"Down_in_Aged"
0,2.7243097538041,0.159,0.024,0,"St6galnac3","Luminal",0,TRUE,TRUE,"Up_in_Aged"
0,-0.927688158947658,0.16,0.295,0,"Spire1","Luminal",0,TRUE,TRUE,"Down_in_Aged"
0,1.95291411861252,0.298,0.163,0,"Mt2A","Luminal",0,TRUE,TRUE,"Up_in_Aged"
0,2.93342142361587,0.169,0.035,0,"Kirrel3","Luminal",0,TRUE,TRUE,"Up_in_Aged"
0,-1.41298560256591,0.101,0.235,0,"Trabd2b","Luminal",0,TRUE,TRUE,"Down_in_Aged"
0,-1.33127230759032,0.092,0.225,0,"Prkn","Luminal",0,TRUE,TRUE,"Down_in_Aged"
0,-1.424173003308,0.118,0.251,0,"Aacs","Luminal",0,TRUE,TRUE,"Down_in_Aged"
0,6.14452791794248,0.138,0.006,0,"Pappa","Luminal",0,TRUE,TRUE,"Up_in_Aged"
0,-1.12925228641834,0.181,0.313,0,"Nin","Luminal",0,TRUE,TRUE,"Down_in_Aged"
0,-3.06743417167845,0.022,0.152,0,"Lrrc7","Luminal",0,TRUE,TRUE,"Down_in_Aged"
0,1.85391058157933,0.233,0.103,0,"Eepd1","Luminal",0,TRUE,TRUE,"Up_in_Aged"
0,-1.35330400574797,0.091,0.221,0,"Exph5","Luminal",0,TRUE,TRUE,"Down_in_Aged"
0,-6.90812183679417,0.002,0.131,0,"LOC681458","Luminal",0,TRUE,TRUE,"Down_in_Aged"
0,2.06966664294667,0.154,0.025,0,"Klhl29","Luminal",0,TRUE,TRUE,"Up_in_Aged"
0,-1.23918351684473,0.146,0.274,0,"Atp2c2","Luminal",0,TRUE,TRUE,"Down_in_Aged"
0,1.72744214910293,0.213,0.085,0,"Vtcn1","Luminal",0,TRUE,TRUE,"Up_in_Aged"
0,4.05330893075931,0.138,0.01,0,"Hsd11b2","Luminal",0,TRUE,TRUE,"Up_in_Aged"
0,-2.11494189533551,0.055,0.182,0,"Scd","Luminal",0,TRUE,TRUE,"Down_in_Aged"
0,-1.2402847056638,0.123,0.25,0,"Ldlr","Luminal",0,TRUE,TRUE,"Down_in_Aged"
0,1.35992432421732,0.197,0.07,0,"Ptprc","Luminal",0,TRUE,TRUE,"Up_in_Aged"
0,1.51483185124167,0.229,0.103,0,"Ankrd44","Luminal",0,TRUE,TRUE,"Up_in_Aged"
0,7.21261607569401,0.127,0.001,0,"Igfals","Luminal",0,TRUE,TRUE,"Up_in_Aged"
0,-1.56883259949164,0.092,0.218,0,"Tmem150c","Luminal",0,TRUE,TRUE,"Down_in_Aged"
0,-3.79868511918034,0.011,0.136,0,"Ncam2","Luminal",0,TRUE,TRUE,"Down_in_Aged"
0,2.38618784045033,0.172,0.047,0,"Ggt1","Luminal",0,TRUE,TRUE,"Up_in_Aged"
0,-1.66544888906404,0.168,0.292,0,"Fads2","Luminal",0,TRUE,TRUE,"Down_in_Aged"
0,-1.61027099988396,0.063,0.186,0,"Acsf2","Luminal",0,TRUE,TRUE,"Down_in_Aged"
0,-1.04594310809411,0.115,0.238,0,"Sec14l2","Luminal",0,TRUE,TRUE,"Down_in_Aged"
0,1.62311285608746,0.502,0.38,0,"Wap","Luminal",0,TRUE,TRUE,"Up_in_Aged"
0,-1.17659507520363,0.123,0.245,0,"P4ha1","Luminal",0,TRUE,TRUE,"Down_in_Aged"
0,-1.03247804063038,0.439,0.56,0,"Nbea","Luminal",0,TRUE,TRUE,"Down_in_Aged"
0,1.663259063036,0.19,0.07,0,"Mgp","Luminal",0,TRUE,TRUE,"Up_in_Aged"
0,-2.1395992907506,0.037,0.157,0,"Ptprd","Luminal",0,TRUE,TRUE,"Down_in_Aged"
0,-2.2473125344002,0.044,0.163,0,"Vipr1","Luminal",0,TRUE,TRUE,"Down_in_Aged"
0,4.69220033507271,0.123,0.004,0,"Sema5b","Luminal",0,TRUE,TRUE,"Up_in_Aged"
0,-1.16625796517844,0.084,0.202,0,"Gjb2","Luminal",0,TRUE,TRUE,"Down_in_Aged"
0,6.52145536318951,0.123,0.005,0,"Hpse2","Luminal",0,TRUE,TRUE,"Up_in_Aged"
0,1.92138805593108,0.179,0.062,0,"Slc16a1","Luminal",0,TRUE,TRUE,"Up_in_Aged"
0,-1.21291604778733,0.066,0.183,0,"B4galt6","Luminal",0,TRUE,TRUE,"Down_in_Aged"
0,-1.37820110058707,0.079,0.195,0,"Bend5","Luminal",0,TRUE,TRUE,"Down_in_Aged"
0,-1.89279661030757,0.056,0.172,0,"Emp2","Luminal",0,TRUE,TRUE,"Down_in_Aged"
0,-1.56873884812685,0.06,0.175,0,"Bnip3","Luminal",0,TRUE,TRUE,"Down_in_Aged"
0,-3.59495884269059,0.008,0.123,0,"AABR07006242.1","Luminal",0,TRUE,TRUE,"Down_in_Aged"
0,2.13491347568212,0.145,0.03,0,"Lamb1","Luminal",0,TRUE,TRUE,"Up_in_Aged"
0,-1.27086125299439,0.086,0.2,0,"Dgat1","Luminal",0,TRUE,TRUE,"Down_in_Aged"
0,-1.21303717226487,0.096,0.21,0,"Arrdc3","Luminal",0,TRUE,TRUE,"Down_in_Aged"
0,-0.377951517493338,0.762,0.876,0,"Nedd4","Luminal",0,TRUE,TRUE,"Down_in_Aged"
0,-2.43211121004359,0.04,0.154,0,"Slc12a8","Luminal",0,TRUE,TRUE,"Down_in_Aged"
0,-3.85448939071784,0.015,0.128,0,"Cntn3","Luminal",0,TRUE,TRUE,"Down_in_Aged"
0,-2.47411468955219,0.034,0.147,0,"Pclo","Luminal",0,TRUE,TRUE,"Down_in_Aged"
0,-3.33273207055696,0.014,0.126,0,"Dpysl5","Luminal",0,TRUE,TRUE,"Down_in_Aged"
0,-2.80388441193491,0.017,0.129,0,"Epha5","Luminal",0,TRUE,TRUE,"Down_in_Aged"
0,-1.13926075203855,0.074,0.185,0,"Cfi","Luminal",0,TRUE,TRUE,"Down_in_Aged"
0,-1.3098920799177,0.07,0.181,0,"Nectin1","Luminal",0,TRUE,TRUE,"Down_in_Aged"
0,-1.28633608244202,0.075,0.185,0,"Ace","Luminal",0,TRUE,TRUE,"Down_in_Aged"
0,-4.37953698395681,0.009,0.117,0,"Thsd7a","Luminal",0,TRUE,TRUE,"Down_in_Aged"
0,-1.58698405125614,0.08,0.188,0,"Spdef","Luminal",0,TRUE,TRUE,"Down_in_Aged"
0,-1.44857885467164,0.064,0.171,0,"Ddit4","Luminal",0,TRUE,TRUE,"Down_in_Aged"
0,2.94845667576088,0.132,0.026,0,"Tnfaip3","Luminal",0,TRUE,TRUE,"Up_in_Aged"
0,-3.28816991300016,0.015,0.121,0,"Hspa4l","Luminal",0,TRUE,TRUE,"Down_in_Aged"
0,-2.04068916859965,0.046,0.152,0,"Gpr39","Luminal",0,TRUE,TRUE,"Down_in_Aged"
0,3.50896690165846,0.115,0.011,0,"Tnc","Luminal",0,TRUE,TRUE,"Up_in_Aged"
0,2.6859570747501,0.126,0.022,0,"Rbp1","Luminal",0,TRUE,TRUE,"Up_in_Aged"
0,1.75252118437165,0.163,0.059,0,"Notch4","Luminal",0,TRUE,TRUE,"Up_in_Aged"
0,-5.06673336023987,0.005,0.109,0,"Ndst3","Luminal",0,TRUE,TRUE,"Down_in_Aged"
0,-2.9375932341315,0.025,0.128,0,"Acsm3","Luminal",0,TRUE,TRUE,"Down_in_Aged"
0,-2.17459831085913,0.029,0.132,0,"Xkr6","Luminal",0,TRUE,TRUE,"Down_in_Aged"
0,-2.05501437942437,0.04,0.143,0,"Cubn","Luminal",0,TRUE,TRUE,"Down_in_Aged"
0,-2.47980531131216,0.022,0.124,0,"Hepacam2","Luminal",0,TRUE,TRUE,"Down_in_Aged"
0,-1.3503201910494,0.065,0.167,0,"Fat2","Luminal",0,TRUE,TRUE,"Down_in_Aged"
0,2.7815842354752,0.149,0.048,0,"Gsta4","Luminal",0,TRUE,TRUE,"Up_in_Aged"
0,0.737267121867609,0.627,0.526,0,"RT1-CE16","Luminal",0,TRUE,TRUE,"Up_in_Aged"
0,0.999238444628368,0.849,0.748,0,"ENSRNOG00000070284","Luminal",0,TRUE,TRUE,"Up_in_Aged"
0,-3.42972586299525,0.014,0.114,0,"Krt20","Luminal",0,TRUE,TRUE,"Down_in_Aged"
0,-2.48112052007922,0.027,0.127,0,"Greb1l","Luminal",0,TRUE,TRUE,"Down_in_Aged"
0,3.8647046508936,0.108,0.01,0,"Gzmb","Luminal",0,TRUE,TRUE,"Up_in_Aged"
0,-1.88220902130159,0.044,0.142,0,"Tox3","Luminal",0,TRUE,TRUE,"Down_in_Aged"
0,2.03792031315403,0.14,0.043,0,"Adamts3","Luminal",0,TRUE,TRUE,"Up_in_Aged"
0,2.17546693635711,0.124,0.028,0,"Ston2","Luminal",0,TRUE,TRUE,"Up_in_Aged"
0,-1.88545355945195,0.03,0.126,0,"Hmox1","Luminal",0,TRUE,TRUE,"Down_in_Aged"
0,0.76958496727475,0.787,0.692,0,"Igfbp5","Luminal",0,TRUE,TRUE,"Up_in_Aged"
0,-3.65614743348872,0.011,0.106,0,"Pcdh10","Luminal",0,TRUE,TRUE,"Down_in_Aged"
0,-1.47187689499035,0.052,0.147,0,"Sdk2","Luminal",0,TRUE,TRUE,"Down_in_Aged"
0,2.34744286073043,0.134,0.04,0,"Gcnt1","Luminal",0,TRUE,TRUE,"Up_in_Aged"
0,-1.80963864771475,0.031,0.124,0,"Lratd1","Luminal",0,TRUE,TRUE,"Down_in_Aged"
0,-3.54475023877341,0.021,0.113,0,"Hcn1","Luminal",0,TRUE,TRUE,"Down_in_Aged"
0,-2.70441841472863,0.018,0.108,0,"Cyp24a1","Luminal",0,TRUE,TRUE,"Down_in_Aged"
0,3.17179303317203,0.101,0.012,0,"Synpo2","Luminal",0,TRUE,TRUE,"Up_in_Aged"
0,-2.65184372983375,0.013,0.101,0,"Rab27b","Luminal",0,TRUE,TRUE,"Down_in_Aged"
0,-1.71015540605701,0.041,0.129,0,"Stac2","Luminal",0,TRUE,TRUE,"Down_in_Aged"
0,0.966529362868166,0.798,0.711,0,"Tpt1","Luminal",0,TRUE,TRUE,"Up_in_Aged"
0,2.75946260809879,0.119,0.032,0,"Antxr1","Luminal",0,TRUE,TRUE,"Up_in_Aged"
0,3.11858810864364,0.111,0.024,0,"Sncg","Luminal",0,TRUE,TRUE,"Up_in_Aged"
0,3.01879097274785,0.106,0.021,0,"Lsp1","Luminal",0,TRUE,TRUE,"Up_in_Aged"
0,-1.99501043713828,0.034,0.118,0,"Abcc8","Luminal",0,TRUE,TRUE,"Down_in_Aged"
0,2.04245779823774,0.105,0.022,0,"Col1a1","Luminal",0,TRUE,TRUE,"Up_in_Aged"
0,2.71429625316435,0.101,0.02,0,"Spns3","Luminal",0,TRUE,TRUE,"Up_in_Aged"
0,-1.89952873845485,0.026,0.105,0,"Enpp1","Luminal",0,TRUE,TRUE,"Down_in_Aged"
0,0.852199886502166,0.952,0.881,0,"B2m","Luminal",0,TRUE,TRUE,"Up_in_Aged"
0,0.796618504052406,0.934,0.89,0,"Actb","Luminal",0,TRUE,TRUE,"Up_in_Aged"
0,0.774096407435861,0.979,0.947,0,"AABR07015057.1","Luminal",0,TRUE,TRUE,"Up_in_Aged"
0,0.767427456911838,0.995,0.984,0,"AABR07000398.1","Luminal",0,TRUE,TRUE,"Up_in_Aged"
0,0.615543604445884,0.991,0.983,0,"ENSRNOG00000062930","Luminal",0,TRUE,TRUE,"Up_in_Aged"
